54,0,0,1,2,3,4,5,6,7,
54,0,2,3,4,5,6,7,8,9,
54,0,4,5,6,7,8,9,10,11,
54,0,6,7,8,9,10,11,12,13,
54,0,6,7,8,9,10,11,12,13,
54,0,6,7,8,9,10,11,12,13,
54,0,8,9,10,11,12,13,14,15,
54,0,10,11,12,13,14,15,16,17,
54,0,12,13,14,15,16,17,18,19,
54,0,14,15,16,17,18,19,20,21,
54,0,16,17,18,19,20,21,22,23,
54,0,16,17,18,19,20,21,22,23,
54,0,18,19,20,21,22,23,24,25,
54,0,20,21,22,23,24,25,26,27,
54,0,22,23,24,25,26,27,28,29,
54,0,24,25,26,27,28,29,30,31,
54,0,26,27,28,29,30,31,32,33,
54,0,28,29,30,31,32,33,34,35,
54,0,30,31,32,33,34,35,36,37,
54,0,32,33,34,35,36,37,38,39,
54,0,34,35,36,37,38,39,40,41,
54,0,36,37,38,39,40,41,42,43,
54,0,38,39,40,41,42,43,44,45,
54,0,40,41,42,43,44,45,46,47,
54,0,42,43,44,45,46,47,48,49,
54,0,42,43,44,45,46,47,48,49,
54,0,44,45,46,47,48,49,50,51,
54,0,46,47,48,49,50,51,52,53,
54,0,46,47,48,49,50,51,52,53,
54,0,48,49,50,51,52,53,54,55,
54,0,50,51,52,53,54,55,56,57,
54,0,52,53,54,55,56,57,58,59,
54,0,54,55,56,57,58,59,60,61,
54,0,56,57,58,59,60,61,62,63,
54,0,56,57,58,59,60,61,62,63,
54,0,58,59,60,61,62,63,64,65,
54,0,60,61,62,63,64,65,66,67,
54,0,62,63,64,65,66,67,68,69,
54,0,64,65,66,67,68,69,70,71,
54,0,66,67,68,69,70,71,72,73,
54,0,68,69,70,71,72,73,74,75,
54,0,70,71,72,73,74,75,76,77,
54,0,72,73,74,75,76,77,78,79,
54,0,74,75,76,77,78,79,80,81,
54,0,76,77,78,79,80,81,82,83,
54,0,78,79,80,81,82,83,84,85,
54,0,80,81,82,83,84,85,86,87,
54,0,82,83,84,85,86,87,88,89,
54,0,84,85,86,87,88,89,90,91,
54,0,84,85,86,87,88,89,90,91,
54,0,86,87,88,89,90,91,92,93,
54,0,86,87,88,89,90,91,92,93,
54,0,88,89,90,91,92,93,94,95,
54,0,90,91,92,93,94,95,96,97,
54,0,92,93,94,95,96,97,98,99,
54,0,94,95,96,97,98,99,100,101,
54,0,94,95,96,97,98,99,100,101,
54,0,96,97,98,99,100,101,102,103,
54,0,98,99,100,101,102,103,104,105,
54,0,100,101,102,103,104,105,106,107,
54,0,102,103,104,105,106,107,108,109,
54,0,104,105,106,107,108,109,110,111,
54,0,106,107,108,109,110,111,112,113,
54,0,108,109,110,111,112,113,114,115,
54,0,110,111,112,113,114,115,116,117,
54,0,112,113,114,115,116,117,118,119,
54,0,114,115,116,117,118,119,120,121,
54,0,116,117,118,119,120,121,122,123,
54,0,118,119,120,121,122,123,124,125,
54,0,120,121,122,123,124,125,126,127,
54,0,122,123,124,125,126,127,128,129,
54,0,124,125,126,127,128,129,130,131,
54,0,126,127,128,129,130,131,132,133,
54,0,126,127,128,129,130,131,132,133,
54,0,128,129,130,131,132,133,134,135,
54,0,130,131,132,133,134,135,136,137,
54,0,132,133,134,135,136,137,138,139,
54,0,134,135,136,137,138,139,140,141,
54,0,136,137,138,139,140,141,142,143,
54,0,136,137,138,139,140,141,142,143,
54,0,138,139,140,141,142,143,144,145,
54,0,140,141,142,143,144,145,146,147,
54,0,142,143,144,145,146,147,148,149,
54,0,144,145,146,147,148,149,150,151,
54,0,146,147,148,149,150,151,152,153,
54,0,148,149,150,151,152,153,154,155,
54,0,150,151,152,153,154,155,156,157,
54,0,150,151,152,153,154,155,156,157,
54,0,152,153,154,155,156,157,158,159,
54,0,154,155,156,157,158,159,160,161,
54,0,156,157,158,159,160,161,162,163,
54,0,158,159,160,161,162,163,164,165,
54,0,158,159,160,161,162,163,164,165,
54,0,160,161,162,163,164,165,166,167,
54,0,162,163,164,165,166,167,168,169,
54,0,164,165,166,167,168,169,170,171,
54,0,166,167,168,169,170,171,172,173,
54,0,168,169,170,171,172,173,174,175,
54,0,170,171,172,173,174,175,176,177,
54,0,172,173,174,175,176,177,178,179,
54,0,174,175,176,177,178,179,180,181,
54,0,176,177,178,179,180,181,182,183,
54,0,178,179,180,181,182,183,184,185,
54,0,180,181,182,183,184,185,186,187,
54,0,182,183,184,185,186,187,188,189,
54,0,184,185,186,187,188,189,190,191,
54,0,186,187,188,189,190,191,192,193,
54,0,188,189,190,191,192,193,194,195,
54,0,190,191,192,193,194,195,196,197,
54,0,192,193,194,195,196,197,198,199,
54,0,194,195,196,197,198,199,200,201,
54,0,196,197,198,199,200,201,202,203,
54,0,196,197,198,199,200,201,202,203,
54,0,198,199,200,201,202,203,204,205,
54,0,200,201,202,203,204,205,206,207,
54,0,202,203,204,205,206,207,208,209,
54,0,204,205,206,207,208,209,210,211,
54,0,204,205,206,207,208,209,210,211,
54,0,206,207,208,209,210,211,212,213,
54,0,206,207,208,209,210,211,212,213,
54,0,206,207,208,209,210,211,212,213,
54,0,206,207,208,209,210,211,212,213,
54,0,208,209,210,211,212,213,214,215,
54,0,210,211,212,213,214,215,216,217,
54,0,212,213,214,215,216,217,218,219,
54,0,214,215,216,217,218,219,220,221,
54,0,216,217,218,219,220,221,222,223,
54,0,218,219,220,221,222,223,224,225,
54,0,220,221,222,223,224,225,226,227,
54,0,222,223,224,225,226,227,228,229,
54,0,224,225,226,227,228,229,230,231,
54,0,226,227,228,229,230,231,232,233,
54,0,228,229,230,231,232,233,234,235,
54,0,230,231,232,233,234,235,236,237,
54,0,232,233,234,235,236,237,238,239,
54,0,232,233,234,235,236,237,238,239,
54,0,234,235,236,237,238,239,240,241,
54,0,236,237,238,239,240,241,242,243,
54,0,236,237,238,239,240,241,242,243,
54,0,238,239,240,241,242,243,244,245,
54,0,240,241,242,243,244,245,246,247,
54,0,242,243,244,245,246,247,248,249,
54,0,244,245,246,247,248,249,250,251,
54,0,246,247,248,249,250,251,252,253,
54,0,248,249,250,251,252,253,254,255,
